pid        ,vid ,RB   ,Rmax ,Rdrsv ,#T
cppcheck   ,  1 ,  13 ,  13 ,    3 , 75
cppcheck   , 10 ,  81 , 402 ,  424 , 92
cppcheck   , 11 ,  35 ,  35 ,   12 , 85
cppcheck   , 12 ,  92 ,  92 ,   12 , 85
cppcheck   , 13 ,  20 ,  20 ,    8 , 91
cppcheck   , 14 ,  86 ,  86 ,    3 , 76
cppcheck   , 15 ,  27 ,  27 ,    4 , 75
cppcheck   , 16 ,  20 , 105 ,  120 , 84
cppcheck   , 17 ,  52 ,  52 ,   24 , 84
cppcheck   , 18 ,  23 ,  43 ,    9 , 85
cppcheck   , 19 ,  30 ,  30 ,   29 , 85
cppcheck   ,  2 ,  87 ,  87 ,   22 , 75
cppcheck   , 20 ,  46 ,  46 ,    7 , 91
cppcheck   , 21 ,  48 ,  48 ,   12 , 91
cppcheck   , 22 ,  32 ,  32 ,    6 , 91
cppcheck   , 23 ,   8 ,  20 ,   10 , 83
cppcheck   , 24 ,  39 ,  39 ,   17 , 84
cppcheck   , 25 ,  32 , 118 ,  147 , 85
cppcheck   , 26 ,  47 , 331 ,  491 , 92
cppcheck   , 27 ,  59 ,  59 ,   12 , 75
cppcheck   , 28 ,  29 ,  29 ,    1 , 91
cppcheck   , 29 ,  67 ,  67 ,   99 , 76
cppcheck   ,  3 ,  85 ,  85 ,   44 , 85
cppcheck   , 30 ,  38 , 130 ,   73 , 84
cppcheck   ,  4 ,  13 ,  13 ,    1 , 92
cppcheck   ,  5 ,  28 ,  28 ,    6 , 84
cppcheck   ,  6 ,  26 ,  26 ,    3 , 76
cppcheck   ,  7 ,  59 ,  59 ,   63 , 74
cppcheck   ,  8 ,  95 , 265 ,  362 , 84
cppcheck   ,  9 ,  27 ,  27 ,    3 , 85
example    ,  1 ,   1 ,   1 ,    1 ,  5
libchewing ,  1 ,  45 ,  87 ,   74 , 18
libchewing ,  2 ,  45 ,  87 ,   74 , 18
libchewing ,  4 ,  37 ,  37 ,    4 , 17
libchewing ,  5 ,  38 ,  38 ,   30 , 17
libchewing ,  6 ,  92 , 146 ,  159 , 15
libchewing ,  7 ,  59 ,  89 ,  129 , 18
libchewing ,  8 ,  44 ,  44 ,   11 , 15
libucl     ,  1 ,  31 ,  31 ,    4 ,  6
libucl     ,  2 ,  46 ,  46 ,    3 ,  5
libucl     ,  3 ,  52 ,  52 ,    2 ,  5
libucl     ,  4 ,  18 ,  18 ,    3 ,  5
libucl     ,  5 ,  52 ,  52 ,    2 ,  5
libucl     ,  6 ,  18 ,  18 ,    3 ,  5
openssl    ,  1 ,  28 ,  28 ,    9 ,196
openssl    , 12 ,  17 ,  17 ,   13 ,210
openssl    , 17 ,   5 ,  29 ,   33 ,236
openssl    , 18 ,  12 ,  12 ,    4 ,230
openssl    , 20 , 288 , 288 ,   29 ,240
openssl    , 24 , 184 , 184 ,   59 ,235
openssl    , 25 ,  76 ,  93 ,   24 ,236
openssl    , 26 , 276 ,3585 , 2145 ,233
openssl    , 27 , 299 , 299 ,    3 ,240
openssl    ,  6 ,  21 ,  32 ,   35 ,236
proj       ,  1 , 307 , 307 ,   38 , 39
proj       , 10 , 311 , 311 ,   46 , 39
proj       , 11 , 307 , 307 ,  130 , 39
proj       , 12 , 305 , 305 ,  158 , 39
proj       , 14 ,1144 ,1144 ,   14 , 52
proj       , 15 ,1143 ,1143 ,    6 , 54
proj       , 16 , 308 , 308 ,   92 , 39
proj       , 17 , 317 , 317 ,   31 , 39
proj       , 18 , 306 , 306 ,  212 , 39
proj       , 19 ,  44 ,  44 ,   10 , 39
proj       ,  2 , 315 , 315 ,    2 , 39
proj       , 20 ,  53 ,  53 ,    1 , 42
proj       , 21 , 305 , 305 ,   75 , 39
proj       , 24 , 302 , 925 ,   36 , 37
proj       , 27 ,1127 ,1127 ,   20 , 45
proj       , 28 , 317 , 317 ,   84 , 55
proj       ,  3 , 317 , 317 ,  317 , 39
proj       ,  4 ,1478 ,1478 ,    4 , 39
proj       ,  5 ,1127 ,1127 ,  329 , 45
proj       ,  6 ,1721 ,1721 ,   12 , 40
proj       ,  7 ,1854 ,2308 , 2252 , 54
proj       ,  8 , 304 , 304 ,   69 , 39
proj       ,  9 , 308 , 374 ,  143 , 39
wget2      ,  1 ,   7 ,  19 ,   18 , 70
wget2      ,  2 ,   2 ,  34 ,   38 , 66
wget2      ,  3 ,  18 ,  18 ,    1 , 66
wireshark  ,  1 ,6669 ,6669 , 3670 , 36
wireshark  ,  2 , 659 , 659 ,  239 , 34
wireshark  ,  4 ,1036 ,1053 ,  257 , 34
wireshark  ,  6 , 665 , 665 ,  128 , 34
xbps       ,  1 ,   1 ,   6 ,    9 ,226
xbps       ,  2 ,  61 , 109 ,  196 ,216
xbps       ,  4 ,   2 ,   5 ,    1 ,213
xbps       ,  5 ,   1 ,   1 ,    1 ,207
yara       ,  1 ,  69 ,  69 ,    9 ,201
yara       ,  2 ,  41 ,  49 ,   35 ,244
yara       ,  3 ,   1 ,   2 ,    2 ,245
yara       ,  5 ,   5 ,   5 ,   17 ,263
